month,year,url
06,2016,http://www.graph500.org/node/1498/feed
11,2015,http://www.graph500.org/node/1294/feed
07,2015,http://www.graph500.org/node/1095/feed
11,2014,http://www.graph500.org/node/908/feed
06,2014,http://www.graph500.org/node/733/feed
11,2013,http://www.graph500.org/node/569/feed
06,2013,http://www.graph500.org/node/423/feed
11,2012,http://www.graph500.org/node/284/feed
06,2012,http://www.graph500.org/node/8/feed
11,2011,http://www.graph500.org/node/7/feed
06,2011,http://www.graph500.org/node/6/feed
11,2010,http://www.graph500.org/node/5/feed
